Day,Online store visitors,Sessions
2025-08-01,152,168
2025-08-02,164,190
2025-08-03,202,226
2025-08-04,192,214
2025-08-05,161,179
2025-08-06,115,122
2025-08-07,138,160
2025-08-08,131,150
2025-08-09,175,193
2025-08-10,206,223
2025-08-11,171,192
2025-08-12,151,168
2025-08-13,198,215
2025-08-14,190,215
2025-08-15,193,216
2025-08-16,190,205
2025-08-17,171,196
2025-08-18,146,160
2025-08-19,148,174
2025-08-20,164,190
2025-08-21,181,205
2025-08-22,403,420
2025-08-23,369,392
2025-08-24,416,449
2025-08-25,309,349
2025-08-26,271,295
2025-08-27,209,231
2025-08-28,242,266
2025-08-29,167,185
2025-08-30,161,180
2025-08-31,180,194
2025-09-01,158,184
2025-09-02,148,170
2025-09-03,140,161
2025-09-04,72,91
2025-09-05,101,113
2025-09-06,78,92
2025-09-07,98,113
2025-09-08,97,109
2025-09-09,100,115
2025-09-10,134,155
2025-09-11,144,170
2025-09-12,133,151
2025-09-13,172,197
2025-09-14,163,191
2025-09-15,180,208
2025-09-16,182,214
2025-09-17,112,119
2025-09-18,121,128
2025-09-19,494,533
2025-09-20,120,148
2025-09-21,139,162
2025-09-22,116,132
2025-09-23,116,133
2025-09-24,118,135
2025-09-25,92,105
2025-09-26,100,116
2025-09-27,92,107
2025-09-28,128,151
2025-09-29,167,194
2025-09-30,144,170
2025-10-01,177,194
2025-10-02,131,148
2025-10-03,201,224
2025-10-04,315,349
2025-10-05,337,383
2025-10-06,274,317
2025-10-07,287,331
2025-10-08,345,395
2025-10-09,321,356
2025-10-10,239,264
2025-10-11,191,233
2025-10-12,232,272
2025-10-13,265,298
2025-10-14,255,288
2025-10-15,217,255
2025-10-16,239,269
2025-10-17,209,241
2025-10-18,363,419
2025-10-19,392,472
2025-10-20,268,308
2025-10-21,242,266
2025-10-22,239,277
2025-10-23,245,272
2025-10-24,302,333
2025-10-25,357,395
2025-10-26,15,15
2025-10-27,203,220
2025-10-28,327,370
2025-10-29,231,253
2025-10-30,210,233
2025-10-31,201,231
2025-11-01,204,228
2025-11-02,235,282
2025-11-03,217,247
2025-11-04,252,300
2025-11-05,265,307
2025-11-06,287,321
2025-11-07,258,280
2025-11-08,302,349
2025-11-09,330,391
2025-11-10,261,299
2025-11-11,224,262
2025-11-12,233,260
2025-11-13,251,288
2025-11-14,293,320
2025-11-15,251,303
2025-11-16,266,299
2025-11-17,206,238
2025-11-18,244,292
2025-11-19,258,289
2025-11-20,310,351
2025-11-21,351,394
2025-11-22,319,355
2025-11-23,481,536
2025-11-24,414,449
2025-11-25,356,388
2025-11-26,387,426
2025-11-27,378,419
2025-11-28,370,406
2025-11-29,404,459
2025-11-30,398,469
2025-12-01,260,289
2025-12-02,272,313
2025-12-03,314,353
2025-12-04,272,296
2025-12-05,303,330
2025-12-06,313,357
2025-12-07,343,380
2025-12-08,304,335
2025-12-09,288,324
2025-12-10,340,379
2025-12-11,265,303
2025-12-12,265,293
2025-12-13,287,323
2025-12-14,225,262
2025-12-15,256,309
2025-12-16,240,273
2025-12-17,299,327
2025-12-18,243,273
2025-12-19,240,287
2025-12-20,203,229
2025-12-21,269,301
2025-12-22,272,311
2025-12-23,215,260
2025-12-24,192,213
2025-12-25,192,218
2025-12-26,402,485
2025-12-27,272,319
2025-12-28,311,360
2025-12-29,361,417
2025-12-30,326,389
2025-12-31,313,353
2026-01-01,301,368
2026-01-02,321,379
2026-01-03,363,419
2026-01-04,357,410
2026-01-05,323,393
2026-01-06,329,396
2026-01-07,305,352
2026-01-08,331,384
2026-01-09,283,343
2026-01-10,326,367
2026-01-11,335,389
2026-01-12,344,392
2026-01-13,333,369
2026-01-14,297,358
2026-01-15,378,429
2026-01-16,339,388
2026-01-17,434,499
2026-01-18,502,579
2026-01-19,369,430
2026-01-20,316,346
2026-01-21,348,396
2026-01-22,358,394
2026-01-23,365,412
2026-01-24,382,426
2026-01-25,389,441
2026-01-26,480,551
2026-01-27,452,505
2026-01-28,427,484
2026-01-29,366,421
2026-01-30,367,438
2026-01-31,392,452
2026-02-01,373,447
2026-02-02,309,350
2026-02-03,293,340
2026-02-04,292,342
2026-02-05,292,343
2026-02-06,306,369
2026-02-07,386,440
2026-02-08,477,535
2026-02-09,397,452
2026-02-10,366,425
2026-02-11,428,485
2026-02-12,493,547
2026-02-13,358,402
2026-02-14,442,509
2026-02-15,513,568
2026-02-16,442,522
2026-02-17,398,461
2026-02-18,335,381
2026-02-19,372,422
2026-02-20,422,470
2026-02-21,526,657
2026-02-22,596,757
2026-02-23,451,520
2026-02-24,395,484
2026-02-25,429,498
2026-02-26,363,434
2026-02-27,367,407
2026-02-28,517,582
2026-03-01,585,677
2026-03-02,420,489
2026-03-03,378,430
2026-03-04,303,343
2026-03-05,305,340
2026-03-06,357,410
2026-03-07,410,493
2026-03-08,495,584
2026-03-09,474,533
2026-03-10,428,501
2026-03-11,437,481
2026-03-12,395,452
2026-03-13,448,504
2026-03-14,483,545
2026-03-15,547,614
2026-03-16,408,472
2026-03-17,389,456
2026-03-18,463,533
2026-03-19,534,600
2026-03-20,457,506
2026-03-21,605,686
2026-03-22,564,649
2026-03-23,455,519
2026-03-24,464,534
2026-03-25,479,521
2026-03-26,458,499
2026-03-27,487,545
2026-03-28,534,604
2026-03-29,523,593
2026-03-30,527,597
2026-03-31,453,535
2026-04-01,607,683
2026-04-02,491,540
2026-04-03,563,645
2026-04-04,589,660
2026-04-05,673,754
2026-04-06,759,856
2026-04-07,547,626
2026-04-08,580,642
2026-04-09,511,591
2026-04-10,579,643
2026-04-11,621,689
2026-04-12,729,831
2026-04-13,603,668
2026-04-14,541,613
2026-04-15,501,574
2026-04-16,551,621
2026-04-17,406,450
2026-04-18,441,506
2026-04-19,455,541
2026-04-20,364,411
2026-04-21,430,483
2026-04-22,425,484
2026-04-23,476,527
2026-04-24,411,460
2026-04-25,519,586
2026-04-26,567,644
2026-04-27,522,581
2026-04-28,512,585
2026-04-29,590,657
2026-04-30,518,596
2026-05-01,541,597
2026-05-02,629,733
2026-05-03,747,870
2026-05-04,717,824
2026-05-05,678,775
2026-05-06,708,787
2026-05-07,718,800
2026-05-08,679,747
2026-05-09,786,876
2026-05-10,817,912
2026-05-11,682,776
2026-05-12,490,549
2026-05-13,600,676
2026-05-14,679,761
2026-05-15,643,714
2026-05-16,713,803
2026-05-17,791,883
2026-05-18,671,746
2026-05-19,630,702
2026-05-20,581,649
2026-05-21,551,627
2026-05-22,530,603
2026-05-23,721,819
2026-05-24,844,952
2026-05-25,475,532
2026-05-26,683,753
2026-05-27,743,814
2026-05-28,719,803
2026-05-29,720,823
2026-05-30,917,1066
2026-05-31,1059,1236
2026-06-01,935,1071
2026-06-02,935,1051
2026-06-03,837,952
2026-06-04,668,742
2026-06-05,796,885
2026-06-06,833,928
2026-06-07,928,1069
2026-06-08,841,989
2026-06-09,747,844
2026-06-10,795,875
2026-06-11,706,796
2026-06-12,689,773
2026-06-13,768,852
2026-06-14,872,998
2026-06-15,782,885
2026-06-16,708,807
2026-06-17,702,807
2026-06-18,704,782
2026-06-19,738,828
2026-06-20,795,899
2026-06-21,954,1083
2026-06-22,822,914
2026-06-23,648,717
2026-06-24,587,658
2026-06-25,546,595
2026-06-26,466,525
2026-06-27,586,678
2026-06-28,718,818
2026-06-29,558,631
2026-06-30,580,685
